team,ft_rate,team_key,three_rate,two_rate,two_pt_pct,three_pt_pct,efg_pct,pace,off_rating,def_rating,turnover_rate,ast_rate,orb_rate,net_rating,shot_selection_balance,source_season_label,source_date
Abl Christian,0.28600000000000003,abl christian,0.32799999999999996,0.672,0.479,0.31,0.475,71.1,95.5,103.8,0.20199999999999999,0.541,0.276,-8.299999999999997,0.041999999999999926,2025,2026-03-18
Air Force,0.24100000000000002,air force,0.418,0.5820000000000001,0.511,0.306,0.489,68.7,89.60000000000001,116.3,0.215,0.559,0.193,-26.69999999999999,0.17699999999999996,2025,2026-03-18
Akron,0.221,akron,0.451,0.5489999999999999,0.591,0.385,0.585,72.9,119.19999999999999,102.2,0.152,0.574,0.327,16.999999999999986,0.23,2025,2026-03-18
Alabama,0.28,alabama,0.537,0.46299999999999997,0.573,0.358,0.5539999999999999,77.2,118.8,108.1,0.127,0.535,0.293,10.700000000000003,0.257,2025,2026-03-18
Alabama A&M,0.32,alabama a and m,0.34,0.66,0.475,0.35,0.49200000000000005,69.1,103.2,106.80000000000001,0.161,0.48,0.251,-3.6000000000000085,0.020000000000000018,2025,2026-03-18
Alabama St,0.252,alabama st,0.385,0.615,0.46799999999999997,0.318,0.47100000000000003,72.9,98.1,106.4,0.179,0.476,0.302,-8.300000000000011,0.133,2025,2026-03-18
Albany,0.188,albany,0.376,0.624,0.528,0.326,0.513,67.6,101.6,110.2,0.18,0.489,0.299,-8.600000000000009,0.188,2025,2026-03-18
Alcorn St,0.228,alcorn st,0.337,0.6629999999999999,0.465,0.33299999999999996,0.47700000000000004,71.2,94.0,112.6,0.191,0.466,0.248,-18.599999999999994,0.10900000000000001,2025,2026-03-18
American,0.218,american,0.465,0.535,0.5329999999999999,0.32899999999999996,0.515,68.0,105.80000000000001,106.89999999999999,0.153,0.495,0.248,-1.09999999999998,0.24700000000000003,2025,2026-03-18
App State,0.28600000000000003,app st,0.45899999999999996,0.541,0.536,0.304,0.499,66.4,104.4,101.6,0.14800000000000002,0.478,0.306,2.8000000000000114,0.17299999999999993,2025,2026-03-18
AR-Pine Bluff,0.272,ar pine bluff,0.37200000000000005,0.628,0.498,0.336,0.5,73.0,101.4,112.20000000000002,0.183,0.563,0.254,-10.800000000000011,0.10000000000000003,2025,2026-03-18
Arizona,0.308,arizona,0.268,0.732,0.5539999999999999,0.36,0.551,73.1,117.9,94.1,0.14800000000000002,0.554,0.381,23.80000000000001,-0.03999999999999998,2025,2026-03-18
Arizona St,0.282,arizona st,0.384,0.616,0.517,0.33399999999999996,0.511,72.6,105.1,107.89999999999999,0.166,0.53,0.271,-2.799999999999997,0.10200000000000004,2025,2026-03-18
Arkansas,0.276,arkansas,0.33399999999999996,0.6659999999999999,0.556,0.389,0.565,75.0,119.9,106.80000000000001,0.12,0.53,0.302,13.099999999999994,0.05799999999999994,2025,2026-03-18
Arkansas St,0.276,arkansas st,0.449,0.551,0.536,0.32899999999999996,0.517,74.9,109.1,104.2,0.19399999999999998,0.558,0.37799999999999995,4.8999999999999915,0.173,2025,2026-03-18
Army,0.203,army,0.5329999999999999,0.467,0.507,0.32,0.493,70.3,100.69999999999999,112.3,0.168,0.59,0.272,-11.600000000000009,0.3299999999999999,2025,2026-03-18
Auburn,0.32299999999999995,auburn,0.392,0.608,0.534,0.33799999999999997,0.523,71.8,115.3,110.7,0.14300000000000002,0.462,0.35200000000000004,4.599999999999994,0.06900000000000006,2025,2026-03-18
Austin Peay,0.27699999999999997,austin peay,0.38,0.62,0.53,0.353,0.53,71.5,110.5,104.3,0.151,0.56,0.278,6.200000000000003,0.10300000000000004,2025,2026-03-18
Ball St,0.23800000000000002,ball st,0.39399999999999996,0.606,0.47,0.314,0.47,67.7,97.6,105.4,0.158,0.536,0.24100000000000002,-7.800000000000011,0.15599999999999994,2025,2026-03-18
Baylor,0.257,baylor,0.396,0.604,0.552,0.345,0.5379999999999999,71.4,113.7,108.7,0.16,0.533,0.35600000000000004,5.0,0.139,2025,2026-03-18
Bellarmine,0.258,bellarmine,0.41200000000000003,0.588,0.61,0.381,0.594,67.8,116.39999999999999,122.8,0.152,0.534,0.20800000000000002,-6.400000000000006,0.15400000000000003,2025,2026-03-18
Belmont,0.23600000000000002,belmont,0.457,0.5429999999999999,0.606,0.41,0.61,72.1,115.8,102.89999999999999,0.177,0.619,0.275,12.900000000000006,0.221,2025,2026-03-18
Bethune,0.284,bethune,0.297,0.703,0.516,0.331,0.51,73.6,101.4,105.3,0.187,0.502,0.282,-3.8999999999999915,0.013000000000000012,2025,2026-03-18
Binghamton,0.28800000000000003,binghamton,0.309,0.691,0.506,0.325,0.5,68.2,97.89999999999999,112.4,0.183,0.487,0.18100000000000002,-14.500000000000014,0.020999999999999963,2025,2026-03-18
Boise St,0.304,boise st,0.431,0.569,0.527,0.34299999999999997,0.522,69.5,111.4,105.4,0.166,0.495,0.319,6.0,0.127,2025,2026-03-18
Boston College,0.243,boston college,0.424,0.5760000000000001,0.491,0.294,0.47,69.2,97.5,102.2,0.15,0.474,0.259,-4.700000000000003,0.181,2025,2026-03-18
Boston U,0.23,boston u,0.43799999999999994,0.562,0.569,0.38799999999999996,0.575,66.7,111.80000000000001,111.60000000000001,0.174,0.536,0.258,0.20000000000000284,0.20799999999999993,2025,2026-03-18
Bowling Green,0.271,bowling green,0.342,0.6579999999999999,0.519,0.344,0.518,72.1,106.4,100.8,0.162,0.485,0.261,5.6000000000000085,0.07100000000000001,2025,2026-03-18
Bradley,0.271,bradley,0.40399999999999997,0.596,0.49200000000000005,0.358,0.51,71.5,108.2,103.60000000000001,0.136,0.507,0.256,4.599999999999994,0.13299999999999995,2025,2026-03-18
Brown,0.207,brown,0.363,0.637,0.504,0.303,0.486,69.8,96.3,103.8,0.19,0.595,0.264,-7.5,0.156,2025,2026-03-18
Bryant,0.214,bryant,0.479,0.521,0.48700000000000004,0.3,0.469,67.2,93.8,109.1,0.19699999999999998,0.531,0.24600000000000002,-15.299999999999997,0.265,2025,2026-03-18
Bucknell,0.218,bucknell,0.42700000000000005,0.573,0.504,0.306,0.485,69.1,97.5,110.5,0.18600000000000003,0.54,0.247,-13.0,0.20900000000000005,2025,2026-03-18
Buffalo,0.284,buffalo,0.455,0.545,0.541,0.38,0.5539999999999999,69.6,111.4,110.60000000000001,0.158,0.544,0.256,0.7999999999999972,0.17100000000000004,2025,2026-03-18
Butler,0.304,butler,0.349,0.6509999999999999,0.519,0.327,0.509,73.2,108.4,105.89999999999999,0.155,0.572,0.317,2.500000000000014,0.044999999999999984,2025,2026-03-18
BYU,0.256,byu,0.39799999999999996,0.602,0.562,0.349,0.547,72.7,115.39999999999999,103.60000000000001,0.15,0.454,0.325,11.799999999999983,0.14199999999999996,2025,2026-03-18
C Arkansas,0.23600000000000002,c arkansas,0.48700000000000004,0.513,0.547,0.355,0.54,71.9,110.2,105.60000000000001,0.15,0.58,0.262,4.599999999999994,0.251,2025,2026-03-18
C Connecticut,0.233,c connecticut,0.349,0.6509999999999999,0.505,0.358,0.516,66.9,105.5,107.60000000000001,0.159,0.509,0.255,-2.1000000000000085,0.11599999999999996,2025,2026-03-18
C Michigan,0.22899999999999998,c michigan,0.34,0.66,0.522,0.33899999999999997,0.518,69.7,102.8,111.4,0.17800000000000002,0.549,0.278,-8.600000000000009,0.11100000000000004,2025,2026-03-18
Cal Baptist,0.262,cal baptist,0.321,0.679,0.47700000000000004,0.337,0.486,70.0,104.4,96.6,0.177,0.404,0.36,7.800000000000011,0.059,2025,2026-03-18
Cal Poly,0.249,cal poly,0.526,0.474,0.537,0.33,0.515,78.3,103.89999999999999,109.00000000000001,0.19399999999999998,0.496,0.278,-5.100000000000023,0.277,2025,2026-03-18
California,0.275,california,0.42700000000000005,0.573,0.505,0.363,0.522,72.1,107.4,101.69999999999999,0.145,0.538,0.22399999999999998,5.700000000000017,0.15200000000000002,2025,2026-03-18
Campbell,0.308,campbell,0.369,0.631,0.512,0.32299999999999995,0.501,71.5,106.4,110.2,0.172,0.449,0.313,-3.799999999999997,0.061,2025,2026-03-18
Canisius,0.22699999999999998,canisius,0.395,0.605,0.44,0.33299999999999996,0.46299999999999997,66.3,93.89999999999999,107.60000000000001,0.191,0.554,0.26899999999999996,-13.700000000000017,0.16800000000000004,2025,2026-03-18
Charleston,0.297,charleston,0.381,0.619,0.534,0.306,0.505,70.9,106.2,104.2,0.153,0.526,0.278,2.0,0.08400000000000002,2025,2026-03-18
Charleston So,0.223,charleston so,0.495,0.505,0.546,0.35600000000000004,0.541,77.3,104.69999999999999,104.69999999999999,0.18,0.549,0.281,0.0,0.272,2025,2026-03-18
Charlotte,0.262,charlotte,0.45399999999999996,0.546,0.5379999999999999,0.35200000000000004,0.534,67.2,108.60000000000001,110.5,0.17600000000000002,0.516,0.32,-1.8999999999999915,0.19199999999999995,2025,2026-03-18
Chattanooga,0.22399999999999998,chattanooga,0.49200000000000005,0.508,0.5579999999999999,0.35,0.542,68.9,107.60000000000001,113.3,0.141,0.556,0.201,-5.699999999999989,0.26800000000000007,2025,2026-03-18
Chicago St,0.228,chicago st,0.309,0.691,0.44,0.321,0.45299999999999996,68.2,95.5,112.20000000000002,0.151,0.503,0.23800000000000002,-16.700000000000017,0.08099999999999999,2025,2026-03-18
Cincinnati,0.221,cincinnati,0.43799999999999994,0.562,0.502,0.33899999999999997,0.505,71.0,103.0,95.19999999999999,0.166,0.637,0.29,7.800000000000011,0.21699999999999994,2025,2026-03-18
Clemson,0.27699999999999997,clemson,0.429,0.5710000000000001,0.5379999999999999,0.341,0.526,67.2,110.3,99.3,0.14,0.502,0.264,11.0,0.15200000000000002,2025,2026-03-18
Cleveland St,0.27,cleveland st,0.508,0.49200000000000005,0.52,0.375,0.542,73.2,107.3,121.10000000000001,0.174,0.579,0.23600000000000002,-13.800000000000011,0.238,2025,2026-03-18
Coastal Car,0.242,coastal car,0.431,0.569,0.461,0.335,0.479,71.2,100.8,103.3,0.15,0.404,0.256,-2.5,0.189,2025,2026-03-18
Colgate,0.225,colgate,0.35,0.65,0.532,0.35600000000000004,0.5329999999999999,70.1,107.80000000000001,108.7,0.14300000000000002,0.514,0.244,-0.8999999999999915,0.12499999999999997,2025,2026-03-18
Colorado,0.265,colorado,0.35100000000000003,0.649,0.5329999999999999,0.353,0.532,72.3,110.60000000000001,109.89999999999999,0.141,0.557,0.272,0.700000000000017,0.08600000000000002,2025,2026-03-18
Colorado St,0.27899999999999997,colorado st,0.49,0.51,0.573,0.391,0.58,65.5,114.8,109.4,0.182,0.63,0.28,5.3999999999999915,0.21100000000000002,2025,2026-03-18
Columbia,0.212,columbia,0.375,0.625,0.532,0.359,0.535,69.8,107.4,105.4,0.188,0.543,0.325,2.0,0.163,2025,2026-03-18
Coppin St,0.263,coppin st,0.35200000000000004,0.648,0.45799999999999996,0.307,0.45899999999999996,71.0,90.5,114.1,0.217,0.515,0.276,-23.599999999999994,0.08900000000000002,2025,2026-03-18
Cornell,0.226,cornell,0.516,0.484,0.597,0.38299999999999995,0.585,73.6,116.6,114.99999999999999,0.156,0.666,0.28300000000000003,1.6000000000000085,0.29000000000000004,2025,2026-03-18
Creighton,0.20800000000000002,creighton,0.48200000000000004,0.518,0.5429999999999999,0.345,0.531,70.1,107.1,107.0,0.162,0.584,0.256,0.09999999999999432,0.274,2025,2026-03-18
CS Bakersfield,0.294,cs bakersfield,0.289,0.711,0.466,0.29,0.457,74.8,96.2,111.5,0.183,0.446,0.284,-15.299999999999997,-0.0050000000000000044,2025,2026-03-18
CS Fullerton,0.276,cs fullerton,0.431,0.569,0.514,0.342,0.514,77.3,103.8,106.3,0.14800000000000002,0.552,0.21600000000000003,-2.5,0.15499999999999997,2025,2026-03-18
CS Northridge,0.252,cs northridge,0.336,0.664,0.526,0.324,0.513,77.9,103.60000000000001,104.4,0.17,0.566,0.28800000000000003,-0.7999999999999972,0.08400000000000002,2025,2026-03-18
Dartmouth,0.271,dartmouth,0.48700000000000004,0.513,0.494,0.361,0.518,71.1,102.8,110.2,0.17300000000000001,0.539,0.21899999999999997,-7.400000000000006,0.21600000000000003,2025,2026-03-18
Davidson,0.23199999999999998,davidson,0.445,0.555,0.522,0.354,0.526,66.3,105.3,103.3,0.155,0.536,0.265,2.0,0.21300000000000002,2025,2026-03-18
Dayton,0.324,dayton,0.415,0.585,0.521,0.341,0.517,70.3,105.80000000000001,99.5,0.17,0.599,0.252,6.300000000000011,0.09099999999999997,2025,2026-03-18
Delaware,0.222,delaware,0.462,0.5379999999999999,0.517,0.368,0.5329999999999999,66.5,102.0,111.4,0.179,0.523,0.183,-9.400000000000006,0.24000000000000002,2025,2026-03-18
Delaware St,0.244,delaware st,0.289,0.711,0.431,0.284,0.429,67.9,87.8,105.1,0.195,0.458,0.256,-17.299999999999997,0.044999999999999984,2025,2026-03-18
Denver,0.256,denver,0.386,0.614,0.526,0.368,0.536,70.9,113.19999999999999,118.5,0.14,0.402,0.287,-5.300000000000011,0.13,2025,2026-03-18
DePaul,0.255,depaul,0.391,0.609,0.505,0.325,0.498,69.4,101.29999999999998,100.29999999999998,0.17300000000000001,0.609,0.284,1.0,0.136,2025,2026-03-18
Detroit Mercy,0.244,detroit mercy,0.307,0.693,0.48100000000000004,0.35100000000000003,0.495,71.4,106.89999999999999,110.3,0.157,0.485,0.317,-3.4000000000000057,0.063,2025,2026-03-18
Drake,0.252,drake,0.457,0.5429999999999999,0.517,0.34,0.514,69.8,105.89999999999999,109.4,0.147,0.516,0.242,-3.500000000000014,0.20500000000000002,2025,2026-03-18
Drexel,0.22899999999999998,drexel,0.4,0.6,0.49,0.355,0.507,67.0,100.49999999999999,100.89999999999999,0.185,0.536,0.295,-0.4000000000000057,0.17100000000000004,2025,2026-03-18
Duke,0.27699999999999997,duke,0.444,0.556,0.601,0.35100000000000003,0.568,68.7,119.8,91.9,0.153,0.589,0.365,27.89999999999999,0.16700000000000004,2025,2026-03-18
Duquesne,0.276,duquesne,0.444,0.556,0.545,0.331,0.523,71.9,106.89999999999999,105.5,0.17300000000000001,0.559,0.285,1.3999999999999915,0.16799999999999998,2025,2026-03-18
E Carolina,0.284,e carolina,0.311,0.6890000000000001,0.475,0.293,0.46399999999999997,72.1,99.1,107.69999999999999,0.166,0.473,0.302,-8.599999999999994,0.027000000000000024,2025,2026-03-18
E Illinois,0.242,e illinois,0.299,0.701,0.449,0.317,0.457,68.7,94.0,105.1,0.18100000000000002,0.487,0.256,-11.099999999999994,0.056999999999999995,2025,2026-03-18
E Kentucky,0.23,e kentucky,0.508,0.49200000000000005,0.516,0.35,0.521,71.4,108.5,116.39999999999999,0.165,0.533,0.316,-7.8999999999999915,0.278,2025,2026-03-18
E Michigan,0.217,e michigan,0.318,0.682,0.5,0.324,0.496,70.5,99.5,105.5,0.17,0.477,0.254,-6.0,0.101,2025,2026-03-18
E Tennessee St,0.257,e tennessee st,0.37799999999999995,0.622,0.5720000000000001,0.34700000000000003,0.5529999999999999,68.4,112.4,102.60000000000001,0.149,0.508,0.272,9.799999999999997,0.12099999999999994,2025,2026-03-18
E Texas A&M,0.231,e texas a and m,0.462,0.5379999999999999,0.512,0.313,0.49200000000000005,70.0,95.89999999999999,108.7,0.188,0.624,0.231,-12.800000000000011,0.231,2025,2026-03-18
E Washington,0.263,e washington,0.34700000000000003,0.653,0.536,0.359,0.537,71.1,109.3,111.4,0.17300000000000001,0.49,0.289,-2.1000000000000085,0.08400000000000002,2025,2026-03-18
Elon,0.249,elon,0.43200000000000005,0.568,0.528,0.34299999999999997,0.522,70.7,108.7,112.1,0.156,0.546,0.314,-3.3999999999999915,0.18300000000000005,2025,2026-03-18
Evansville,0.21600000000000003,evansville,0.431,0.569,0.499,0.322,0.493,69.3,95.0,112.99999999999999,0.187,0.543,0.203,-17.999999999999986,0.21499999999999997,2025,2026-03-18
F Dickinson,0.24100000000000002,f dickinson,0.452,0.5479999999999999,0.486,0.303,0.47100000000000003,66.3,98.2,109.60000000000001,0.17600000000000002,0.51,0.292,-11.400000000000006,0.211,2025,2026-03-18
Fairfield,0.213,fairfield,0.354,0.6459999999999999,0.48200000000000004,0.332,0.488,69.0,105.80000000000001,104.3,0.15,0.452,0.34600000000000003,1.5000000000000142,0.141,2025,2026-03-18
FGCU,0.22,fgcu,0.384,0.616,0.5329999999999999,0.332,0.52,72.0,106.4,108.3,0.155,0.52,0.28800000000000003,-1.8999999999999915,0.164,2025,2026-03-18
Florida,0.284,florida,0.371,0.629,0.579,0.308,0.535,74.1,117.10000000000001,97.2,0.161,0.54,0.43200000000000005,19.900000000000006,0.08700000000000002,2025,2026-03-18
Florida A&M,0.258,florida a and m,0.377,0.623,0.494,0.326,0.49200000000000005,72.3,96.8,103.8,0.21,0.526,0.292,-7.0,0.119,2025,2026-03-18
Florida Atlantic,0.243,florida atlantic,0.382,0.618,0.536,0.33299999999999996,0.522,72.8,106.0,103.49999999999999,0.172,0.471,0.302,2.500000000000014,0.139,2025,2026-03-18
Florida Intl,0.275,florida intl,0.327,0.6729999999999999,0.499,0.34700000000000003,0.506,74.6,104.2,106.0,0.172,0.492,0.322,-1.7999999999999972,0.05199999999999999,2025,2026-03-18
Florida St,0.259,florida st,0.506,0.494,0.551,0.331,0.523,73.3,109.60000000000001,106.3,0.149,0.525,0.293,3.3000000000000114,0.247,2025,2026-03-18
Fordham,0.201,fordham,0.38299999999999995,0.617,0.519,0.289,0.486,66.2,102.0,100.2,0.168,0.524,0.33299999999999996,1.7999999999999972,0.18199999999999994,2025,2026-03-18
Fresno St,0.24600000000000002,fresno st,0.409,0.591,0.523,0.321,0.506,70.8,102.2,103.8,0.17800000000000002,0.499,0.253,-1.5999999999999943,0.16299999999999995,2025,2026-03-18
Furman,0.23600000000000002,furman,0.46299999999999997,0.537,0.59,0.33299999999999996,0.5479999999999999,68.8,109.1,104.89999999999999,0.174,0.558,0.295,4.200000000000003,0.22699999999999995,2025,2026-03-18
G Washington,0.259,g washington,0.467,0.5329999999999999,0.565,0.35,0.546,71.6,113.9,104.4,0.17600000000000002,0.551,0.35200000000000004,9.5,0.20800000000000002,2025,2026-03-18
Gardner-Webb,0.218,gardner webb,0.39799999999999996,0.602,0.486,0.31,0.478,72.2,91.60000000000001,120.0,0.19399999999999998,0.41,0.207,-28.39999999999999,0.17999999999999997,2025,2026-03-18
George Mason,0.297,george mason,0.35200000000000004,0.648,0.5429999999999999,0.33299999999999996,0.527,66.3,110.00000000000001,102.60000000000001,0.154,0.499,0.29100000000000004,7.400000000000006,0.05500000000000005,2025,2026-03-18
Georgetown,0.273,georgetown,0.35200000000000004,0.648,0.507,0.318,0.496,69.3,106.2,105.2,0.154,0.578,0.314,1.0,0.07900000000000001,2025,2026-03-18
Georgia,0.276,georgia,0.439,0.561,0.573,0.341,0.546,76.5,117.30000000000001,103.4,0.139,0.482,0.32899999999999996,13.900000000000006,0.16299999999999998,2025,2026-03-18
Georgia So,0.29,georgia so,0.489,0.511,0.527,0.33399999999999996,0.514,74.0,108.0,108.60000000000001,0.142,0.411,0.262,-0.6000000000000085,0.199,2025,2026-03-18
Georgia St,0.272,georgia st,0.424,0.5760000000000001,0.429,0.306,0.442,70.9,96.5,106.4,0.155,0.506,0.248,-9.900000000000006,0.15199999999999997,2025,2026-03-18
Georgia Tech,0.24100000000000002,georgia tech,0.332,0.6679999999999999,0.48700000000000004,0.35100000000000003,0.5,73.9,99.8,104.69999999999999,0.18100000000000002,0.599,0.264,-4.8999999999999915,0.091,2025,2026-03-18
Gonzaga,0.23800000000000002,gonzaga,0.31,0.69,0.5870000000000001,0.34,0.563,72.2,117.9,91.4,0.134,0.567,0.342,26.5,0.07199999999999998,2025,2026-03-18
Grambling,0.28,grambling,0.381,0.619,0.489,0.32299999999999995,0.488,70.9,97.3,100.4,0.207,0.516,0.284,-3.1000000000000085,0.10099999999999998,2025,2026-03-18
Grand Canyon,0.282,grand canyon,0.389,0.611,0.542,0.318,0.517,70.1,107.80000000000001,97.89999999999999,0.174,0.496,0.312,9.90000000000002,0.10700000000000004,2025,2026-03-18
Green Bay,0.297,green bay,0.373,0.627,0.55,0.364,0.5489999999999999,66.8,110.60000000000001,113.5,0.156,0.545,0.226,-2.8999999999999915,0.07600000000000001,2025,2026-03-18
Hampton,0.284,hampton,0.371,0.629,0.47100000000000003,0.28800000000000003,0.457,68.9,98.7,104.69999999999999,0.165,0.489,0.289,-5.999999999999986,0.08700000000000002,2025,2026-03-18
Harvard,0.193,harvard,0.402,0.598,0.54,0.34700000000000003,0.532,66.2,105.4,101.69999999999999,0.171,0.561,0.248,3.700000000000017,0.20900000000000002,2025,2026-03-18
Hawai'i,0.295,hawai i,0.397,0.603,0.55,0.316,0.52,74.5,105.69999999999999,94.39999999999999,0.185,0.499,0.29100000000000004,11.299999999999997,0.10200000000000004,2025,2026-03-18
High Point,0.317,high point,0.429,0.5710000000000001,0.5710000000000001,0.344,0.547,73.2,118.10000000000001,98.1,0.127,0.527,0.307,20.000000000000014,0.11199999999999999,2025,2026-03-18
Hofstra,0.243,hofstra,0.431,0.569,0.486,0.368,0.515,67.8,109.89999999999999,99.7,0.157,0.485,0.336,10.199999999999989,0.188,2025,2026-03-18
Holy Cross,0.237,holy cross,0.373,0.627,0.504,0.325,0.498,67.0,101.29999999999998,111.5,0.15,0.447,0.192,-10.200000000000017,0.136,2025,2026-03-18
Hou Christian,0.257,hou christian,0.365,0.635,0.509,0.317,0.49700000000000005,66.5,99.7,108.89999999999999,0.184,0.587,0.27399999999999997,-9.199999999999989,0.10799999999999998,2025,2026-03-18
Houston,0.213,houston,0.408,0.5920000000000001,0.519,0.349,0.521,67.2,114.8,93.5,0.126,0.529,0.344,21.299999999999997,0.19499999999999998,2025,2026-03-18
Howard,0.303,howard,0.34299999999999997,0.657,0.498,0.35200000000000004,0.508,71.7,105.1,95.3,0.18899999999999997,0.606,0.332,9.799999999999997,0.03999999999999998,2025,2026-03-18
Idaho,0.26,idaho,0.46799999999999997,0.532,0.52,0.345,0.519,71.5,107.3,103.60000000000001,0.146,0.445,0.255,3.6999999999999886,0.20799999999999996,2025,2026-03-18
Idaho St,0.272,idaho st,0.419,0.581,0.529,0.336,0.518,68.3,107.80000000000001,113.5,0.16699999999999998,0.47,0.316,-5.699999999999989,0.14699999999999996,2025,2026-03-18
Illinois,0.254,illinois,0.507,0.493,0.5820000000000001,0.34700000000000003,0.551,68.5,123.2,101.89999999999999,0.13,0.512,0.384,21.30000000000001,0.253,2025,2026-03-18
Illinois Chicago,0.266,illinois chicago,0.33,0.67,0.507,0.317,0.49700000000000005,69.7,106.1,101.29999999999998,0.171,0.53,0.344,4.800000000000011,0.064,2025,2026-03-18
Illinois St,0.23600000000000002,illinois st,0.424,0.5760000000000001,0.546,0.348,0.536,69.1,107.80000000000001,99.9,0.165,0.502,0.273,7.900000000000006,0.18799999999999997,2025,2026-03-18
Incarnate Word,0.252,incarnate word,0.391,0.609,0.47700000000000004,0.361,0.502,67.2,104.80000000000001,111.60000000000001,0.16699999999999998,0.442,0.297,-6.799999999999997,0.139,2025,2026-03-18
Indiana,0.259,indiana,0.505,0.495,0.603,0.34700000000000003,0.561,69.0,113.39999999999999,104.60000000000001,0.147,0.625,0.243,8.799999999999983,0.246,2025,2026-03-18
Indiana St,0.201,indiana st,0.452,0.5479999999999999,0.574,0.316,0.529,71.7,100.0,104.80000000000001,0.191,0.649,0.228,-4.800000000000011,0.251,2025,2026-03-18
Iona,0.218,iona,0.45899999999999996,0.541,0.512,0.35100000000000003,0.519,71.6,103.1,102.1,0.168,0.537,0.24600000000000002,1.0,0.24099999999999996,2025,2026-03-18
Iowa,0.256,iowa,0.41600000000000004,0.584,0.5870000000000001,0.35700000000000004,0.5660000000000001,64.8,115.99999999999999,101.69999999999999,0.15,0.58,0.282,14.299999999999997,0.16000000000000003,2025,2026-03-18
Iowa St,0.256,iowa st,0.38799999999999996,0.612,0.555,0.387,0.565,69.7,117.30000000000001,93.4,0.147,0.584,0.33,23.900000000000006,0.13199999999999995,2025,2026-03-18
IU Indy,0.17,iu indy,0.42100000000000004,0.579,0.5479999999999999,0.324,0.522,76.7,105.5,116.3,0.156,0.619,0.264,-10.799999999999997,0.251,2025,2026-03-18
J Madison,0.261,j madison,0.425,0.575,0.532,0.354,0.531,69.4,107.69999999999999,107.3,0.16899999999999998,0.483,0.287,0.3999999999999915,0.16399999999999998,2025,2026-03-18
Jackson St,0.265,jackson st,0.433,0.5670000000000001,0.446,0.314,0.457,73.4,95.7,114.1,0.19,0.458,0.272,-18.39999999999999,0.16799999999999998,2025,2026-03-18
Jacksonville,0.242,jacksonville,0.374,0.626,0.515,0.317,0.5,67.0,103.69999999999999,112.1,0.16899999999999998,0.447,0.302,-8.400000000000006,0.132,2025,2026-03-18
Jacksonville St,0.305,jacksonville st,0.381,0.619,0.474,0.35700000000000004,0.49700000000000005,68.2,102.49999999999999,103.4,0.165,0.496,0.278,-0.9000000000000199,0.07600000000000001,2025,2026-03-18
Kansas,0.242,kansas,0.35700000000000004,0.643,0.511,0.35,0.516,70.4,107.4,98.5,0.151,0.533,0.28,8.900000000000006,0.11500000000000005,2025,2026-03-18
Kansas City,0.215,kansas city,0.368,0.632,0.47600000000000003,0.284,0.457,73.3,91.4,115.6,0.17800000000000002,0.462,0.245,-24.19999999999999,0.153,2025,2026-03-18
Kansas St,0.20199999999999999,kansas st,0.41,0.59,0.524,0.364,0.5329999999999999,75.4,105.5,108.5,0.171,0.577,0.271,-3.0,0.208,2025,2026-03-18
Kennesaw St,0.317,kennesaw st,0.429,0.5710000000000001,0.508,0.337,0.507,74.9,107.60000000000001,104.69999999999999,0.162,0.513,0.336,2.90000000000002,0.11199999999999999,2025,2026-03-18
Kent St,0.311,kent st,0.45,0.55,0.51,0.353,0.519,75.5,109.89999999999999,106.80000000000001,0.17600000000000002,0.566,0.34,3.09999999999998,0.139,2025,2026-03-18
Kentucky,0.27699999999999997,kentucky,0.392,0.608,0.544,0.341,0.531,71.4,113.1,103.4,0.147,0.57,0.325,9.699999999999989,0.11500000000000005,2025,2026-03-18
La Salle,0.27,la salle,0.315,0.685,0.456,0.3,0.45399999999999996,68.5,97.6,109.4,0.177,0.56,0.308,-11.800000000000011,0.044999999999999984,2025,2026-03-18
Lafayette,0.244,lafayette,0.39799999999999996,0.602,0.5,0.322,0.493,68.4,101.0,110.2,0.15,0.554,0.233,-9.200000000000003,0.15399999999999997,2025,2026-03-18
Lamar,0.209,lamar,0.33899999999999997,0.6609999999999999,0.47,0.32899999999999996,0.478,67.9,100.69999999999999,103.69999999999999,0.17600000000000002,0.554,0.342,-3.0,0.12999999999999998,2025,2026-03-18
Le Moyne,0.276,le moyne,0.408,0.5920000000000001,0.535,0.34299999999999997,0.527,70.5,102.69999999999999,104.89999999999999,0.188,0.565,0.22899999999999998,-2.200000000000003,0.13199999999999995,2025,2026-03-18
Lehigh,0.235,lehigh,0.382,0.618,0.524,0.365,0.5329999999999999,70.0,103.3,106.60000000000001,0.172,0.543,0.20800000000000002,-3.3000000000000114,0.14700000000000002,2025,2026-03-18
Liberty,0.23800000000000002,liberty,0.48,0.52,0.605,0.391,0.596,66.6,114.39999999999999,108.2,0.133,0.613,0.163,6.199999999999989,0.24199999999999997,2025,2026-03-18
Lindenwood,0.27399999999999997,lindenwood,0.307,0.693,0.496,0.294,0.48,75.3,98.8,99.7,0.18100000000000002,0.475,0.311,-0.9000000000000057,0.03300000000000003,2025,2026-03-18
Lipscomb,0.19899999999999998,lipscomb,0.479,0.521,0.545,0.35700000000000004,0.541,72.0,107.80000000000001,107.0,0.157,0.623,0.23800000000000002,0.8000000000000114,0.28,2025,2026-03-18
Little Rock,0.20600000000000002,little rock,0.31,0.69,0.479,0.353,0.494,69.2,99.6,107.2,0.18,0.514,0.297,-7.6000000000000085,0.10399999999999998,2025,2026-03-18
LIU,0.247,liu,0.29,0.71,0.529,0.361,0.5329999999999999,70.1,105.80000000000001,101.49999999999999,0.18600000000000003,0.497,0.337,4.300000000000026,0.04299999999999998,2025,2026-03-18
Long Beach St,0.225,long beach st,0.348,0.652,0.515,0.327,0.506,73.5,99.7,107.5,0.17600000000000002,0.462,0.233,-7.799999999999997,0.12299999999999997,2025,2026-03-18
Longwood,0.28800000000000003,longwood,0.348,0.652,0.511,0.314,0.49700000000000005,72.9,104.0,104.5,0.187,0.471,0.33899999999999997,-0.5,0.05999999999999994,2025,2026-03-18
Louisiana,0.215,louisiana,0.405,0.595,0.449,0.336,0.47100000000000003,66.1,96.3,106.89999999999999,0.163,0.459,0.263,-10.599999999999994,0.19000000000000003,2025,2026-03-18
Louisiana Tech,0.243,louisiana tech,0.33399999999999996,0.6659999999999999,0.49700000000000005,0.285,0.474,67.5,100.49999999999999,100.4,0.177,0.48,0.35700000000000004,0.0999999999999801,0.09099999999999997,2025,2026-03-18
Louisville,0.248,louisville,0.528,0.47200000000000003,0.597,0.35700000000000004,0.564,72.4,117.10000000000001,99.8,0.161,0.595,0.316,17.30000000000001,0.28,2025,2026-03-18
Loyola Chi,0.247,loyola chi,0.47700000000000004,0.523,0.519,0.317,0.498,67.8,98.6,111.80000000000001,0.193,0.608,0.28300000000000003,-13.200000000000017,0.23000000000000004,2025,2026-03-18
Loyola MD,0.22699999999999998,loyola md,0.47200000000000003,0.528,0.519,0.326,0.504,71.1,103.60000000000001,110.4,0.151,0.488,0.256,-6.799999999999997,0.24500000000000005,2025,2026-03-18
Loyola Mymt,0.22899999999999998,loyola mymt,0.40399999999999997,0.596,0.516,0.348,0.518,70.5,102.4,103.0,0.171,0.493,0.245,-0.5999999999999943,0.175,2025,2026-03-18
LSU,0.29600000000000004,lsu,0.345,0.655,0.545,0.331,0.528,72.0,113.1,109.00000000000001,0.153,0.525,0.32,4.09999999999998,0.04899999999999993,2025,2026-03-18
Maine,0.265,maine,0.37,0.63,0.512,0.312,0.496,66.7,91.7,102.69999999999999,0.18600000000000003,0.544,0.165,-10.999999999999986,0.10499999999999998,2025,2026-03-18
Manhattan,0.254,manhattan,0.371,0.629,0.478,0.32,0.479,70.3,103.0,113.19999999999999,0.153,0.496,0.263,-10.199999999999989,0.11699999999999999,2025,2026-03-18
Marist,0.19399999999999998,marist,0.34600000000000003,0.654,0.498,0.322,0.493,68.1,101.1,93.8,0.165,0.589,0.273,7.299999999999997,0.15200000000000005,2025,2026-03-18
Marquette,0.244,marquette,0.42100000000000004,0.579,0.526,0.318,0.505,72.9,103.2,104.0,0.156,0.578,0.273,-0.7999999999999972,0.17700000000000005,2025,2026-03-18
Marshall,0.21899999999999997,marshall,0.44299999999999995,0.557,0.546,0.368,0.5479999999999999,72.7,110.7,108.5,0.161,0.565,0.302,2.200000000000003,0.22399999999999998,2025,2026-03-18
Maryland,0.262,maryland,0.469,0.531,0.486,0.317,0.48100000000000004,68.8,101.29999999999998,111.3,0.18100000000000002,0.452,0.316,-10.000000000000014,0.20699999999999996,2025,2026-03-18
Maryland ES,0.20600000000000002,maryland es,0.335,0.665,0.499,0.29,0.478,67.3,92.80000000000001,106.3,0.233,0.565,0.307,-13.499999999999986,0.129,2025,2026-03-18
McNeese,0.284,mcneese,0.35100000000000003,0.649,0.529,0.316,0.51,69.2,111.1,96.89999999999999,0.139,0.492,0.336,14.200000000000003,0.06700000000000006,2025,2026-03-18
Memphis,0.25,memphis,0.337,0.6629999999999999,0.494,0.316,0.48700000000000004,74.1,101.49999999999999,103.49999999999999,0.183,0.498,0.331,-2.0,0.08700000000000002,2025,2026-03-18
Mercer,0.287,mercer,0.392,0.608,0.53,0.35600000000000004,0.531,71.2,112.5,109.2,0.147,0.462,0.309,3.299999999999997,0.10500000000000004,2025,2026-03-18
Mercyhurst,0.198,mercyhurst,0.311,0.6890000000000001,0.5,0.321,0.495,67.3,101.49999999999999,102.1,0.139,0.542,0.23800000000000002,-0.6000000000000085,0.11299999999999999,2025,2026-03-18
Merrimack,0.281,merrimack,0.461,0.539,0.491,0.327,0.491,66.0,103.89999999999999,100.8,0.145,0.56,0.225,3.0999999999999943,0.18,2025,2026-03-18
Miami,0.276,miami,0.317,0.6829999999999999,0.5720000000000001,0.34700000000000003,0.556,71.0,115.3,100.2,0.158,0.537,0.342,15.099999999999994,0.04099999999999998,2025,2026-03-18
Miami OH,0.293,miami oh,0.446,0.5539999999999999,0.615,0.375,0.5920000000000001,74.0,117.8,103.1,0.142,0.51,0.23,14.700000000000003,0.15300000000000002,2025,2026-03-18
Michigan,0.273,michigan,0.418,0.5820000000000001,0.61,0.36,0.581,73.4,118.30000000000001,94.3,0.163,0.607,0.345,24.000000000000014,0.14499999999999996,2025,2026-03-18
Michigan St,0.265,michigan st,0.364,0.636,0.534,0.359,0.536,68.8,114.8,99.5,0.16699999999999998,0.67,0.371,15.299999999999997,0.09899999999999998,2025,2026-03-18
Middle Tenn,0.242,middle tenn,0.45299999999999996,0.547,0.523,0.33799999999999997,0.516,69.9,105.1,106.80000000000001,0.16699999999999998,0.535,0.278,-1.700000000000017,0.21099999999999997,2025,2026-03-18
Milwaukee,0.242,milwaukee,0.381,0.619,0.508,0.32299999999999995,0.499,70.8,105.4,112.9,0.14800000000000002,0.481,0.308,-7.5,0.139,2025,2026-03-18
Minnesota,0.26,minnesota,0.47200000000000003,0.528,0.561,0.348,0.542,65.5,106.89999999999999,104.60000000000001,0.162,0.72,0.24600000000000002,2.299999999999983,0.21200000000000002,2025,2026-03-18
Miss Valley St,0.23600000000000002,miss valley st,0.302,0.698,0.456,0.295,0.452,71.7,88.1,116.7,0.214,0.529,0.24100000000000002,-28.60000000000001,0.06599999999999998,2025,2026-03-18
Mississippi,0.25,mississippi,0.355,0.645,0.508,0.332,0.504,71.5,106.1,106.5,0.136,0.501,0.258,-0.4000000000000057,0.10499999999999998,2025,2026-03-18
Mississippi St,0.231,mississippi st,0.401,0.599,0.534,0.324,0.515,73.9,105.0,110.7,0.157,0.451,0.27699999999999997,-5.700000000000003,0.17,2025,2026-03-18
Missouri,0.301,missouri,0.361,0.639,0.5710000000000001,0.35,0.5539999999999999,70.8,112.5,106.4,0.175,0.506,0.327,6.099999999999994,0.06,2025,2026-03-18
Missouri St,0.311,missouri st,0.413,0.5870000000000001,0.522,0.33,0.511,69.5,105.1,106.89999999999999,0.162,0.566,0.28,-1.7999999999999972,0.10199999999999998,2025,2026-03-18
Monmouth,0.242,monmouth,0.344,0.6559999999999999,0.48700000000000004,0.342,0.496,69.4,103.60000000000001,102.1,0.162,0.539,0.294,1.5000000000000142,0.10199999999999998,2025,2026-03-18
Montana,0.256,montana,0.418,0.5820000000000001,0.565,0.366,0.5579999999999999,72.5,104.4,106.89999999999999,0.192,0.551,0.179,-2.499999999999986,0.16199999999999998,2025,2026-03-18
Montana St,0.23,montana st,0.447,0.5529999999999999,0.531,0.361,0.536,69.1,109.4,106.3,0.145,0.399,0.251,3.1000000000000085,0.217,2025,2026-03-18
Morehead St,0.26899999999999996,morehead st,0.305,0.695,0.49700000000000005,0.32,0.49200000000000005,69.1,104.1,109.3,0.17600000000000002,0.474,0.34600000000000003,-5.200000000000003,0.03600000000000003,2025,2026-03-18
Morgan St,0.302,morgan st,0.35200000000000004,0.648,0.449,0.317,0.45799999999999996,73.5,97.6,108.89999999999999,0.171,0.522,0.268,-11.299999999999997,0.050000000000000044,2025,2026-03-18
Mt St Mary's,0.23199999999999998,mt st mary s,0.426,0.574,0.518,0.327,0.506,69.3,97.89999999999999,102.4,0.22,0.552,0.317,-4.500000000000014,0.194,2025,2026-03-18
Murray St,0.282,murray st,0.44799999999999995,0.552,0.55,0.348,0.5379999999999999,73.9,112.79999999999998,108.2,0.158,0.493,0.32299999999999995,4.59999999999998,0.16599999999999998,2025,2026-03-18
N Alabama,0.272,n alabama,0.337,0.6629999999999999,0.491,0.307,0.48,68.0,99.7,114.6,0.171,0.405,0.28300000000000003,-14.899999999999991,0.065,2025,2026-03-18
N Arizona,0.235,n arizona,0.36700000000000005,0.633,0.507,0.35600000000000004,0.517,66.7,102.1,116.39999999999999,0.157,0.51,0.21899999999999997,-14.299999999999997,0.13200000000000006,2025,2026-03-18
N Colorado,0.21,n colorado,0.415,0.585,0.581,0.35,0.557,72.9,110.9,107.1,0.151,0.533,0.24100000000000002,3.8000000000000114,0.205,2025,2026-03-18
N Dakota St,0.233,n dakota st,0.42700000000000005,0.573,0.532,0.35700000000000004,0.534,70.6,112.00000000000001,100.29999999999998,0.153,0.53,0.32,11.700000000000031,0.19400000000000003,2025,2026-03-18
N Florida,0.214,n florida,0.517,0.483,0.534,0.35,0.529,73.9,104.4,121.2,0.175,0.506,0.225,-16.799999999999997,0.30300000000000005,2025,2026-03-18
N Illinois,0.266,n illinois,0.45,0.55,0.485,0.309,0.47600000000000003,70.7,93.89999999999999,111.60000000000001,0.213,0.518,0.275,-17.700000000000017,0.184,2025,2026-03-18
N Iowa,0.198,n iowa,0.396,0.604,0.5529999999999999,0.349,0.542,65.3,105.80000000000001,95.1,0.142,0.571,0.198,10.700000000000017,0.198,2025,2026-03-18
N Kentucky,0.265,n kentucky,0.449,0.551,0.555,0.336,0.532,73.1,110.7,107.69999999999999,0.159,0.555,0.305,3.000000000000014,0.184,2025,2026-03-18
N Texas,0.28600000000000003,n texas,0.32299999999999995,0.677,0.474,0.287,0.46,69.6,99.4,98.0,0.163,0.501,0.319,1.4000000000000057,0.03699999999999992,2025,2026-03-18
Navy,0.284,navy,0.331,0.669,0.529,0.36,0.532,67.2,110.3,96.8,0.165,0.618,0.303,13.5,0.04700000000000004,2025,2026-03-18
NC A&T,0.295,nc a and t,0.327,0.6729999999999999,0.523,0.316,0.507,71.3,103.60000000000001,110.1,0.18100000000000002,0.454,0.294,-6.499999999999986,0.03200000000000003,2025,2026-03-18
NC Asheville,0.285,nc asheville,0.336,0.664,0.501,0.35100000000000003,0.51,69.5,103.49999999999999,106.80000000000001,0.17,0.404,0.282,-3.3000000000000256,0.051000000000000045,2025,2026-03-18
NC Central,0.278,nc central,0.33899999999999997,0.6609999999999999,0.467,0.326,0.475,68.5,98.8,112.9,0.177,0.527,0.272,-14.100000000000009,0.06099999999999994,2025,2026-03-18
NC Greensboro,0.306,nc greensboro,0.402,0.598,0.51,0.35600000000000004,0.52,70.8,108.2,115.6,0.146,0.469,0.254,-7.3999999999999915,0.09600000000000003,2025,2026-03-18
NC State,0.266,nc st,0.439,0.561,0.531,0.38799999999999996,0.5529999999999999,71.6,116.9,106.89999999999999,0.129,0.548,0.26899999999999996,10.000000000000014,0.173,2025,2026-03-18
NC Wilmington,0.298,nc wilmington,0.389,0.611,0.488,0.35600000000000004,0.506,68.0,110.5,99.7,0.145,0.524,0.34700000000000003,10.799999999999997,0.09100000000000003,2025,2026-03-18
Nebraska,0.20800000000000002,nebraska,0.507,0.493,0.581,0.353,0.5539999999999999,69.0,111.9,95.89999999999999,0.141,0.656,0.253,16.000000000000014,0.299,2025,2026-03-18
Nevada,0.33299999999999996,nevada,0.32299999999999995,0.677,0.475,0.36200000000000004,0.49700000000000005,69.3,109.5,103.3,0.146,0.572,0.305,6.200000000000003,-0.010000000000000009,2025,2026-03-18
New Hampshire,0.215,new hampshire,0.431,0.569,0.474,0.305,0.467,70.5,94.5,108.3,0.162,0.443,0.237,-13.799999999999997,0.216,2025,2026-03-18
New Haven,0.231,new haven,0.39799999999999996,0.602,0.51,0.302,0.48700000000000004,64.7,95.0,104.2,0.17300000000000001,0.497,0.192,-9.200000000000003,0.16699999999999995,2025,2026-03-18
New Mexico,0.26899999999999996,new mexico,0.418,0.5820000000000001,0.5329999999999999,0.361,0.536,71.6,111.7,99.9,0.151,0.526,0.289,11.799999999999997,0.14900000000000002,2025,2026-03-18
New Mexico St,0.261,new mexico st,0.387,0.613,0.485,0.324,0.485,69.9,105.60000000000001,105.5,0.146,0.493,0.311,0.10000000000000853,0.126,2025,2026-03-18
New Orleans,0.314,new orleans,0.337,0.6629999999999999,0.506,0.318,0.496,72.4,103.0,107.3,0.198,0.525,0.336,-4.299999999999997,0.02300000000000002,2025,2026-03-18
Niagara,0.196,niagara,0.405,0.595,0.505,0.337,0.505,65.1,97.1,110.00000000000001,0.184,0.6,0.21600000000000003,-12.90000000000002,0.20900000000000002,2025,2026-03-18
Nicholls,0.251,nicholls,0.439,0.561,0.512,0.33299999999999996,0.506,69.9,101.49999999999999,108.3,0.17,0.521,0.27,-6.800000000000011,0.188,2025,2026-03-18
NJIT,0.243,njit,0.401,0.599,0.475,0.304,0.467,69.6,95.0,105.80000000000001,0.16699999999999998,0.457,0.23800000000000002,-10.800000000000011,0.15800000000000003,2025,2026-03-18
Norfolk St,0.304,norfolk st,0.306,0.6940000000000001,0.484,0.342,0.493,70.9,101.0,105.3,0.182,0.459,0.29600000000000004,-4.299999999999997,0.0020000000000000018,2025,2026-03-18
North Carolina,0.278,north carolina,0.423,0.5770000000000001,0.5670000000000001,0.345,0.546,70.8,112.7,100.69999999999999,0.136,0.57,0.292,12.000000000000014,0.14499999999999996,2025,2026-03-18
North Dakota,0.281,north dakota,0.406,0.594,0.49700000000000005,0.327,0.494,71.1,104.4,112.00000000000001,0.138,0.424,0.258,-7.6000000000000085,0.125,2025,2026-03-18
Northeastern,0.221,northeastern,0.37799999999999995,0.622,0.536,0.337,0.524,71.4,104.89999999999999,113.39999999999999,0.16,0.557,0.251,-8.5,0.15699999999999995,2025,2026-03-18
Northwestern,0.257,northwestern,0.34,0.66,0.529,0.33,0.517,67.3,108.60000000000001,106.89999999999999,0.127,0.658,0.256,1.700000000000017,0.08300000000000002,2025,2026-03-18
Notre Dame,0.251,notre dame,0.435,0.565,0.514,0.35600000000000004,0.523,69.5,107.1,108.3,0.165,0.474,0.293,-1.2000000000000028,0.184,2025,2026-03-18
NW State,0.28300000000000003,nw st,0.33899999999999997,0.6609999999999999,0.48,0.332,0.486,67.1,98.5,108.7,0.17800000000000002,0.507,0.233,-10.200000000000003,0.05599999999999994,2025,2026-03-18
Oakland,0.282,oakland,0.34,0.66,0.53,0.34700000000000003,0.527,73.1,111.5,113.19999999999999,0.14300000000000002,0.548,0.284,-1.6999999999999886,0.05800000000000005,2025,2026-03-18
Ohio,0.272,ohio,0.381,0.619,0.545,0.301,0.509,72.7,105.5,110.00000000000001,0.151,0.466,0.264,-4.500000000000014,0.10899999999999999,2025,2026-03-18
Ohio St,0.27699999999999997,ohio st,0.401,0.599,0.5820000000000001,0.36,0.565,68.9,115.8,105.60000000000001,0.151,0.518,0.27899999999999997,10.199999999999989,0.12400000000000005,2025,2026-03-18
Oklahoma,0.26899999999999996,oklahoma,0.43799999999999994,0.562,0.55,0.368,0.551,70.7,117.0,109.00000000000001,0.141,0.502,0.321,7.999999999999986,0.16899999999999998,2025,2026-03-18
Oklahoma St,0.29100000000000004,oklahoma st,0.35600000000000004,0.644,0.528,0.34,0.522,76.7,109.89999999999999,108.1,0.154,0.509,0.284,1.7999999999999972,0.065,2025,2026-03-18
Old Dominion,0.259,old dominion,0.36200000000000004,0.638,0.488,0.36,0.507,72.6,104.2,108.4,0.151,0.49,0.23,-4.200000000000003,0.10300000000000004,2025,2026-03-18
Omaha,0.254,omaha,0.409,0.591,0.53,0.34,0.522,70.6,104.60000000000001,109.89999999999999,0.157,0.469,0.226,-5.299999999999983,0.15499999999999997,2025,2026-03-18
Oral Roberts,0.251,oral roberts,0.456,0.544,0.511,0.32,0.49700000000000005,71.4,100.6,111.7,0.18100000000000002,0.471,0.266,-11.100000000000009,0.20500000000000002,2025,2026-03-18
Oregon,0.255,oregon,0.428,0.5720000000000001,0.505,0.321,0.495,68.3,103.69999999999999,108.2,0.172,0.59,0.308,-4.500000000000014,0.173,2025,2026-03-18
Oregon St,0.301,oregon st,0.44299999999999995,0.557,0.488,0.35,0.505,68.6,103.69999999999999,108.1,0.174,0.612,0.248,-4.400000000000006,0.14199999999999996,2025,2026-03-18
Pacific,0.221,pacific,0.353,0.647,0.513,0.358,0.522,67.9,105.1,102.89999999999999,0.195,0.58,0.32299999999999995,2.200000000000003,0.13199999999999998,2025,2026-03-18
Penn,0.26,penn,0.35,0.65,0.462,0.387,0.503,71.0,105.0,103.3,0.151,0.527,0.28600000000000003,1.7000000000000028,0.08999999999999997,2025,2026-03-18
Penn St,0.251,penn st,0.381,0.619,0.5579999999999999,0.324,0.53,68.7,107.3,115.6,0.153,0.483,0.23800000000000002,-8.299999999999997,0.13,2025,2026-03-18
Pepperdine,0.24600000000000002,pepperdine,0.392,0.608,0.48,0.314,0.47600000000000003,71.8,98.0,110.9,0.179,0.562,0.259,-12.900000000000006,0.146,2025,2026-03-18
Pittsburgh,0.228,pittsburgh,0.426,0.574,0.517,0.33399999999999996,0.51,66.6,105.89999999999999,107.80000000000001,0.16899999999999998,0.523,0.317,-1.90000000000002,0.19799999999999998,2025,2026-03-18
Portland,0.244,portland,0.354,0.6459999999999999,0.547,0.299,0.512,72.0,100.1,108.5,0.192,0.616,0.26,-8.400000000000006,0.10999999999999999,2025,2026-03-18
Portland St,0.27,portland st,0.344,0.6559999999999999,0.515,0.326,0.506,71.6,103.3,99.5,0.165,0.512,0.268,3.799999999999997,0.07399999999999995,2025,2026-03-18
Prairie View,0.306,prairie view,0.309,0.691,0.47,0.332,0.479,74.7,101.4,105.2,0.157,0.442,0.244,-3.799999999999997,0.0030000000000000027,2025,2026-03-18
Presbyterian,0.275,presbyterian,0.28,0.72,0.523,0.316,0.51,68.7,101.8,106.3,0.188,0.491,0.315,-4.5,0.0050000000000000044,2025,2026-03-18
Princeton,0.252,princeton,0.445,0.555,0.486,0.33899999999999997,0.496,66.6,101.29999999999998,108.7,0.16699999999999998,0.55,0.247,-7.40000000000002,0.193,2025,2026-03-18
Providence,0.266,providence,0.405,0.595,0.5529999999999999,0.364,0.55,76.2,111.9,110.2,0.162,0.475,0.29600000000000004,1.7000000000000028,0.139,2025,2026-03-18
Purdue,0.223,purdue,0.409,0.591,0.581,0.379,0.5760000000000001,66.7,122.39999999999999,105.1,0.133,0.668,0.35,17.299999999999997,0.18599999999999997,2025,2026-03-18
Purdue FW,0.23199999999999998,purdue fw,0.45399999999999996,0.546,0.537,0.341,0.526,70.7,105.0,111.5,0.142,0.498,0.203,-6.5,0.22199999999999998,2025,2026-03-18
Queens,0.268,queens,0.46799999999999997,0.532,0.59,0.359,0.5660000000000001,73.1,116.10000000000001,113.79999999999998,0.145,0.545,0.28600000000000003,2.3000000000000256,0.19999999999999996,2025,2026-03-18
Quinnipiac,0.253,quinnipiac,0.337,0.6629999999999999,0.467,0.34,0.48200000000000004,71.5,103.69999999999999,101.6,0.156,0.494,0.33,2.0999999999999943,0.08400000000000002,2025,2026-03-18
Radford,0.301,radford,0.45399999999999996,0.546,0.523,0.335,0.513,75.8,105.3,106.60000000000001,0.166,0.457,0.265,-1.3000000000000114,0.15299999999999997,2025,2026-03-18
Rhode Island,0.271,rhode island,0.435,0.565,0.528,0.311,0.501,68.2,102.4,99.9,0.187,0.479,0.295,2.5,0.16399999999999998,2025,2026-03-18
Rice,0.248,rice,0.441,0.5589999999999999,0.462,0.34299999999999997,0.485,70.4,102.2,109.00000000000001,0.172,0.462,0.336,-6.800000000000011,0.193,2025,2026-03-18
Richmond,0.26899999999999996,richmond,0.426,0.574,0.506,0.369,0.526,70.1,109.2,106.4,0.14,0.545,0.22899999999999998,2.799999999999997,0.15700000000000003,2025,2026-03-18
Rider,0.22699999999999998,rider,0.275,0.725,0.433,0.27699999999999997,0.428,67.2,93.2,114.3,0.165,0.443,0.309,-21.099999999999994,0.04800000000000004,2025,2026-03-18
Robert Morris,0.20800000000000002,robert morris,0.40700000000000003,0.593,0.535,0.38,0.5489999999999999,68.7,111.7,106.80000000000001,0.182,0.628,0.36700000000000005,4.8999999999999915,0.199,2025,2026-03-18
Rutgers,0.267,rutgers,0.34600000000000003,0.654,0.466,0.32799999999999996,0.475,69.0,102.3,108.89999999999999,0.147,0.506,0.28300000000000003,-6.599999999999994,0.07900000000000001,2025,2026-03-18
S Alabama,0.29,s alabama,0.366,0.634,0.5329999999999999,0.345,0.527,68.8,106.69999999999999,103.3,0.128,0.456,0.22,3.3999999999999915,0.07600000000000001,2025,2026-03-18
S Carolina St,0.28300000000000003,s carolina st,0.33299999999999996,0.667,0.44799999999999995,0.34,0.46799999999999997,71.8,93.89999999999999,112.3,0.203,0.526,0.293,-18.400000000000006,0.04999999999999993,2025,2026-03-18
S Dakota St,0.22399999999999998,s dakota st,0.38799999999999996,0.612,0.527,0.34,0.52,69.6,106.80000000000001,107.0,0.158,0.513,0.282,-0.19999999999998863,0.16399999999999998,2025,2026-03-18
S Florida,0.302,s florida,0.43799999999999994,0.562,0.519,0.331,0.509,77.1,112.79999999999998,99.0,0.147,0.588,0.35600000000000004,13.799999999999983,0.13599999999999995,2025,2026-03-18
S Illinois,0.23199999999999998,s illinois,0.292,0.708,0.522,0.278,0.49200000000000005,72.4,100.4,97.3,0.166,0.486,0.29600000000000004,3.1000000000000085,0.06,2025,2026-03-18
S Indiana,0.272,s indiana,0.397,0.603,0.43,0.299,0.43700000000000006,71.3,94.0,104.2,0.166,0.43,0.28600000000000003,-10.200000000000003,0.125,2025,2026-03-18
S Utah,0.235,s utah,0.355,0.645,0.514,0.33,0.507,72.9,99.2,111.5,0.198,0.496,0.264,-12.299999999999997,0.12,2025,2026-03-18
Sacramento St,0.301,sacramento st,0.35600000000000004,0.644,0.466,0.319,0.47,74.0,102.60000000000001,112.99999999999999,0.138,0.489,0.239,-10.399999999999977,0.05500000000000005,2025,2026-03-18
Sacred Heart,0.22899999999999998,sacred heart,0.507,0.493,0.504,0.35700000000000004,0.52,70.1,106.0,110.60000000000001,0.17300000000000001,0.586,0.266,-4.6000000000000085,0.278,2025,2026-03-18
Sam Houston,0.256,sam houston,0.36,0.64,0.504,0.373,0.524,72.5,110.2,104.69999999999999,0.162,0.521,0.331,5.500000000000014,0.10399999999999998,2025,2026-03-18
Samford,0.309,samford,0.457,0.5429999999999999,0.528,0.35600000000000004,0.531,70.9,109.80000000000001,108.60000000000001,0.131,0.552,0.22399999999999998,1.2000000000000028,0.14800000000000002,2025,2026-03-18
San Diego,0.19399999999999998,san diego,0.43700000000000006,0.563,0.508,0.34600000000000003,0.512,70.9,102.60000000000001,111.1,0.172,0.591,0.259,-8.499999999999986,0.24300000000000008,2025,2026-03-18
San Diego St,0.278,san diego st,0.33799999999999997,0.662,0.532,0.345,0.527,72.0,106.69999999999999,99.1,0.16899999999999998,0.544,0.28300000000000003,7.599999999999994,0.05999999999999994,2025,2026-03-18
San Francisco,0.29,san francisco,0.461,0.539,0.507,0.34600000000000003,0.512,69.2,106.80000000000001,106.60000000000001,0.153,0.556,0.298,0.20000000000000284,0.17100000000000004,2025,2026-03-18
San Jose St,0.251,san jose st,0.38299999999999995,0.617,0.47600000000000003,0.353,0.49700000000000005,67.4,105.0,117.5,0.14800000000000002,0.422,0.27399999999999997,-12.5,0.13199999999999995,2025,2026-03-18
Santa Clara,0.20199999999999999,santa clara,0.45,0.55,0.565,0.349,0.546,71.2,116.39999999999999,102.60000000000001,0.153,0.55,0.35,13.799999999999983,0.24800000000000003,2025,2026-03-18
SC Upstate,0.24100000000000002,sc upstate,0.35600000000000004,0.644,0.489,0.314,0.483,72.3,98.2,104.69999999999999,0.177,0.46,0.26,-6.499999999999986,0.11500000000000002,2025,2026-03-18
SE Louisiana,0.285,se louisiana,0.395,0.605,0.494,0.284,0.467,67.3,96.3,105.89999999999999,0.18,0.516,0.26899999999999996,-9.599999999999994,0.11000000000000004,2025,2026-03-18
SE Missouri St,0.28,se missouri st,0.36,0.64,0.518,0.309,0.498,71.2,102.89999999999999,101.49999999999999,0.166,0.457,0.28300000000000003,1.4000000000000057,0.07999999999999996,2025,2026-03-18
Seattle,0.251,seattle,0.39,0.61,0.49700000000000005,0.326,0.494,70.5,98.9,96.5,0.166,0.529,0.22899999999999998,2.4000000000000057,0.139,2025,2026-03-18
Seton Hall,0.26,seton hall,0.268,0.732,0.483,0.305,0.47600000000000003,68.3,102.89999999999999,95.6,0.162,0.516,0.335,7.299999999999997,0.008000000000000007,2025,2026-03-18
SF Austin,0.23199999999999998,sf austin,0.39799999999999996,0.602,0.504,0.358,0.517,68.4,109.60000000000001,97.5,0.138,0.485,0.318,12.100000000000009,0.16599999999999998,2025,2026-03-18
Siena,0.254,siena,0.319,0.6809999999999999,0.528,0.304,0.506,65.9,107.1,99.7,0.157,0.53,0.303,7.3999999999999915,0.065,2025,2026-03-18
SIU Edward,0.226,siu edward,0.36200000000000004,0.638,0.478,0.35,0.495,68.1,99.4,96.8,0.174,0.509,0.28,2.6000000000000085,0.13600000000000004,2025,2026-03-18
SMU,0.23,smu,0.36,0.64,0.555,0.374,0.557,73.4,114.8,105.80000000000001,0.154,0.551,0.32799999999999996,8.999999999999986,0.12999999999999998,2025,2026-03-18
South Carolina,0.273,south carolina,0.444,0.556,0.532,0.311,0.503,70.2,106.69999999999999,108.89999999999999,0.141,0.529,0.251,-2.200000000000003,0.17099999999999999,2025,2026-03-18
South Dakota,0.32,south dakota,0.359,0.6409999999999999,0.507,0.32299999999999995,0.499,74.1,105.2,110.3,0.162,0.461,0.262,-5.099999999999994,0.03899999999999998,2025,2026-03-18
Southern,0.28800000000000003,southern,0.322,0.6779999999999999,0.478,0.34700000000000003,0.491,73.7,103.3,108.80000000000001,0.162,0.526,0.295,-5.500000000000014,0.033999999999999975,2025,2026-03-18
Southern Miss,0.302,southern miss,0.287,0.713,0.513,0.289,0.49,71.7,103.2,104.4,0.18,0.438,0.308,-1.2000000000000028,-0.015000000000000013,2025,2026-03-18
St Bonaventure,0.225,st bonaventure,0.313,0.687,0.508,0.374,0.524,69.8,109.2,108.1,0.165,0.552,0.32,1.1000000000000085,0.088,2025,2026-03-18
St Francis PA,0.226,st francis pa,0.37799999999999995,0.622,0.475,0.342,0.489,71.8,97.5,115.6,0.18,0.516,0.249,-18.099999999999994,0.15199999999999994,2025,2026-03-18
St John's,0.305,st john s,0.33799999999999997,0.662,0.516,0.332,0.51,73.5,111.00000000000001,95.19999999999999,0.14300000000000002,0.582,0.335,15.800000000000026,0.032999999999999974,2025,2026-03-18
Saint Joseph's,0.22699999999999998,st joseph s,0.45299999999999996,0.547,0.519,0.308,0.493,69.9,103.0,100.6,0.165,0.605,0.299,2.4000000000000057,0.22599999999999998,2025,2026-03-18
Saint Louis,0.252,st louis,0.451,0.5489999999999999,0.589,0.405,0.597,73.4,117.7,96.3,0.171,0.601,0.293,21.400000000000006,0.199,2025,2026-03-18
Saint Mary's,0.261,st mary s,0.361,0.639,0.502,0.386,0.529,67.9,114.3,96.1,0.161,0.58,0.365,18.200000000000003,0.09999999999999998,2025,2026-03-18
Saint Peter's,0.259,st peter s,0.387,0.613,0.462,0.31,0.46399999999999997,67.7,102.3,102.1,0.17300000000000001,0.532,0.359,0.20000000000000284,0.128,2025,2026-03-18
St Thomas,0.258,st thomas,0.465,0.535,0.636,0.364,0.594,71.1,115.10000000000001,103.1,0.135,0.572,0.19899999999999998,12.000000000000014,0.20700000000000002,2025,2026-03-18
Stanford,0.265,stanford,0.442,0.5579999999999999,0.504,0.35600000000000004,0.517,69.6,109.2,104.5,0.152,0.463,0.3,4.700000000000003,0.177,2025,2026-03-18
Stetson,0.235,stetson,0.447,0.5529999999999999,0.525,0.36,0.531,69.4,103.60000000000001,115.10000000000001,0.17800000000000002,0.585,0.248,-11.5,0.21200000000000002,2025,2026-03-18
Stonehill,0.201,stonehill,0.405,0.595,0.465,0.317,0.469,69.3,92.7,100.29999999999998,0.19,0.513,0.259,-7.59999999999998,0.20400000000000001,2025,2026-03-18
Stony Brook,0.215,stony brook,0.45799999999999996,0.542,0.485,0.348,0.502,69.5,101.8,104.4,0.163,0.524,0.24600000000000002,-2.6000000000000085,0.24299999999999997,2025,2026-03-18
Syracuse,0.259,syracuse,0.37200000000000005,0.628,0.546,0.32899999999999996,0.526,71.1,105.5,104.5,0.155,0.471,0.262,1.0,0.11300000000000004,2025,2026-03-18
Tarleton St,0.29100000000000004,tarleton st,0.242,0.758,0.48200000000000004,0.325,0.483,73.0,99.3,103.8,0.195,0.417,0.28300000000000003,-4.5,-0.049000000000000044,2025,2026-03-18
TCU,0.284,tcu,0.369,0.632,0.516,0.331,0.509,72.3,108.3,99.6,0.151,0.576,0.32299999999999995,8.700000000000003,0.08500000000000002,2025,2026-03-18
Temple,0.3,temple,0.35700000000000004,0.643,0.5,0.336,0.502,67.9,107.60000000000001,104.89999999999999,0.133,0.482,0.262,2.700000000000017,0.05700000000000005,2025,2026-03-18
Tenn Tech,0.254,tenn tech,0.365,0.635,0.501,0.311,0.489,69.7,100.8,108.5,0.187,0.454,0.28600000000000003,-7.700000000000003,0.11099999999999999,2025,2026-03-18
Tennessee,0.281,tennessee,0.317,0.6829999999999999,0.522,0.33399999999999996,0.516,69.9,113.7,99.2,0.16699999999999998,0.598,0.447,14.5,0.035999999999999976,2025,2026-03-18
Tennessee St,0.249,tennessee st,0.307,0.693,0.499,0.337,0.501,72.8,107.2,101.49999999999999,0.161,0.454,0.32299999999999995,5.700000000000017,0.057999999999999996,2025,2026-03-18
Texas,0.32899999999999996,texas,0.36200000000000004,0.638,0.5529999999999999,0.349,0.542,70.8,116.8,108.5,0.149,0.431,0.34299999999999997,8.299999999999997,0.033000000000000085,2025,2026-03-18
Texas A&M,0.28,texas a and m,0.46299999999999997,0.537,0.541,0.36200000000000004,0.542,76.0,115.5,104.69999999999999,0.14300000000000002,0.613,0.298,10.800000000000011,0.18299999999999994,2025,2026-03-18
Texas A&M-CC,0.287,texas a and m cc,0.314,0.6859999999999999,0.48100000000000004,0.35,0.495,68.7,99.7,101.0,0.18899999999999997,0.507,0.282,-1.2999999999999972,0.027000000000000024,2025,2026-03-18
Texas So,0.271,texas so,0.325,0.675,0.498,0.331,0.49700000000000005,73.3,100.8,109.00000000000001,0.182,0.432,0.273,-8.200000000000017,0.05399999999999999,2025,2026-03-18
Texas St,0.245,texas st,0.24600000000000002,0.754,0.505,0.322,0.5,69.9,102.8,103.69999999999999,0.182,0.482,0.321,-0.8999999999999915,0.0010000000000000286,2025,2026-03-18
Texas Tech,0.207,texas tech,0.48,0.52,0.536,0.39299999999999996,0.562,69.7,115.39999999999999,104.3,0.155,0.555,0.32299999999999995,11.099999999999994,0.273,2025,2026-03-18
The Citadel,0.22699999999999998,the citadel,0.478,0.522,0.51,0.32,0.495,67.7,100.89999999999999,116.5,0.159,0.506,0.26,-15.600000000000009,0.251,2025,2026-03-18
Toledo,0.23199999999999998,toledo,0.325,0.675,0.54,0.37,0.545,71.0,112.4,109.1,0.14400000000000002,0.529,0.271,3.3000000000000114,0.09300000000000003,2025,2026-03-18
Towson,0.23199999999999998,towson,0.349,0.6509999999999999,0.478,0.294,0.465,65.9,101.8,100.8,0.155,0.389,0.348,1.0,0.11699999999999999,2025,2026-03-18
Troy,0.265,troy,0.456,0.544,0.537,0.332,0.519,71.7,109.2,103.89999999999999,0.166,0.57,0.33,5.300000000000011,0.191,2025,2026-03-18
Tulane,0.31,tulane,0.45,0.55,0.505,0.32,0.494,70.5,102.1,107.3,0.15,0.548,0.192,-5.200000000000003,0.14,2025,2026-03-18
Tulsa,0.302,tulsa,0.466,0.534,0.539,0.39,0.56,71.6,117.9,103.69999999999999,0.149,0.556,0.299,14.200000000000017,0.16400000000000003,2025,2026-03-18
UAB,0.278,uab,0.305,0.695,0.513,0.278,0.484,73.2,106.89999999999999,101.6,0.122,0.503,0.301,5.299999999999997,0.02699999999999997,2025,2026-03-18
UC Davis,0.28600000000000003,uc davis,0.435,0.565,0.519,0.344,0.518,73.4,103.60000000000001,103.49999999999999,0.175,0.599,0.225,0.10000000000002274,0.14899999999999997,2025,2026-03-18
UC Irvine,0.259,uc irvine,0.282,0.718,0.49200000000000005,0.33899999999999997,0.49700000000000005,73.4,101.29999999999998,94.39999999999999,0.174,0.551,0.29100000000000004,6.8999999999999915,0.022999999999999965,2025,2026-03-18
UC Riverside,0.25,uc riverside,0.38299999999999995,0.617,0.499,0.316,0.489,72.6,98.7,109.00000000000001,0.18600000000000003,0.497,0.258,-10.300000000000011,0.13299999999999995,2025,2026-03-18
UCF,0.233,ucf,0.344,0.6559999999999999,0.521,0.36200000000000004,0.528,72.8,111.3,107.80000000000001,0.154,0.536,0.327,3.499999999999986,0.11099999999999996,2025,2026-03-18
UCLA,0.253,ucla,0.359,0.6409999999999999,0.52,0.382,0.539,68.0,114.39999999999999,104.5,0.131,0.594,0.289,9.899999999999991,0.10599999999999998,2025,2026-03-18
UConn,0.225,uconn,0.40299999999999997,0.597,0.5710000000000001,0.35200000000000004,0.5529999999999999,68.3,113.39999999999999,95.3,0.163,0.65,0.337,18.099999999999994,0.17799999999999996,2025,2026-03-18
UCSB,0.262,ucsb,0.441,0.5589999999999999,0.536,0.374,0.547,69.7,110.1,105.80000000000001,0.183,0.546,0.298,4.299999999999983,0.179,2025,2026-03-18
UCSD,0.23199999999999998,ucsd,0.423,0.5770000000000001,0.55,0.32799999999999996,0.526,71.3,104.4,98.8,0.161,0.555,0.23800000000000002,5.6000000000000085,0.191,2025,2026-03-18
UL Monroe,0.28,ul monroe,0.419,0.581,0.474,0.322,0.478,72.9,98.3,117.0,0.165,0.502,0.221,-18.700000000000003,0.13899999999999996,2025,2026-03-18
UMass,0.267,umass,0.354,0.6459999999999999,0.532,0.35200000000000004,0.531,74.5,107.3,105.89999999999999,0.174,0.584,0.314,1.4000000000000057,0.08699999999999997,2025,2026-03-18
UMass Lowell,0.254,umass lowell,0.313,0.687,0.505,0.322,0.498,70.6,101.6,109.7,0.17600000000000002,0.454,0.304,-8.100000000000009,0.059,2025,2026-03-18
UMBC,0.256,umbc,0.38799999999999996,0.612,0.541,0.361,0.541,68.3,110.7,100.29999999999998,0.138,0.448,0.226,10.40000000000002,0.13199999999999995,2025,2026-03-18
UNLV,0.29600000000000004,unlv,0.359,0.6409999999999999,0.536,0.353,0.5329999999999999,73.0,108.3,109.00000000000001,0.166,0.514,0.301,-0.700000000000017,0.06299999999999994,2025,2026-03-18
USC,0.31,usc,0.341,0.659,0.518,0.317,0.504,74.1,105.0,105.80000000000001,0.17,0.565,0.304,-0.8000000000000114,0.031000000000000028,2025,2026-03-18
UT Arlington,0.29,ut arlington,0.307,0.693,0.488,0.29100000000000004,0.47200000000000003,69.2,97.89999999999999,97.89999999999999,0.20199999999999999,0.464,0.331,0.0,0.017000000000000015,2025,2026-03-18
UT Martin,0.26,ut martin,0.47100000000000003,0.529,0.515,0.303,0.48700000000000004,67.9,100.0,95.39999999999999,0.209,0.562,0.35700000000000004,4.6000000000000085,0.21100000000000002,2025,2026-03-18
UT Rio Grande,0.21100000000000002,ut rio grande,0.43700000000000006,0.563,0.545,0.368,0.5479999999999999,69.2,106.5,102.0,0.179,0.599,0.26,4.5,0.22600000000000003,2025,2026-03-18
Utah,0.23600000000000002,utah,0.375,0.625,0.515,0.353,0.52,70.3,105.80000000000001,112.6,0.163,0.517,0.265,-6.799999999999983,0.13899999999999998,2025,2026-03-18
Utah St,0.28300000000000003,utah st,0.40700000000000003,0.593,0.593,0.35100000000000003,0.5660000000000001,70.4,115.99999999999999,100.6,0.15,0.598,0.311,15.399999999999991,0.124,2025,2026-03-18
Utah Tech,0.22399999999999998,utah tech,0.382,0.618,0.537,0.35,0.5329999999999999,71.3,104.89999999999999,108.1,0.17300000000000001,0.532,0.265,-3.200000000000003,0.15800000000000003,2025,2026-03-18
Utah Valley,0.267,utah valley,0.327,0.6729999999999999,0.5710000000000001,0.33899999999999997,0.551,72.1,107.69999999999999,97.8,0.196,0.614,0.325,9.899999999999991,0.06,2025,2026-03-18
UTEP,0.244,utep,0.40299999999999997,0.597,0.465,0.33899999999999997,0.483,67.9,97.8,107.0,0.17,0.48,0.245,-9.200000000000003,0.15899999999999997,2025,2026-03-18
UTSA,0.221,utsa,0.413,0.5870000000000001,0.455,0.292,0.44799999999999995,71.6,94.0,115.8,0.17,0.428,0.272,-21.799999999999997,0.19199999999999998,2025,2026-03-18
Valparaiso,0.285,valparaiso,0.368,0.632,0.45799999999999996,0.33899999999999997,0.47600000000000003,69.5,102.49999999999999,103.49999999999999,0.152,0.488,0.303,-1.0,0.08300000000000002,2025,2026-03-18
Vanderbilt,0.285,vanderbilt,0.436,0.564,0.568,0.355,0.5529999999999999,73.2,118.0,102.8,0.13,0.562,0.29,15.200000000000003,0.15100000000000002,2025,2026-03-18
VCU,0.314,vcu,0.43799999999999994,0.562,0.5329999999999999,0.36700000000000005,0.541,71.2,114.6,100.4,0.14800000000000002,0.527,0.313,14.199999999999989,0.12399999999999994,2025,2026-03-18
Vermont,0.23600000000000002,vermont,0.446,0.5539999999999999,0.557,0.33299999999999996,0.531,66.5,108.5,103.4,0.141,0.479,0.243,5.099999999999994,0.21,2025,2026-03-18
Villanova,0.23800000000000002,villanova,0.457,0.5429999999999999,0.544,0.353,0.537,69.1,111.7,102.4,0.147,0.568,0.3,9.299999999999997,0.219,2025,2026-03-18
Virginia,0.247,virginia,0.465,0.535,0.552,0.359,0.546,69.6,115.9,98.3,0.156,0.591,0.37,17.60000000000001,0.21800000000000003,2025,2026-03-18
Virginia Tech,0.255,virginia tech,0.397,0.603,0.515,0.355,0.522,71.4,110.4,104.89999999999999,0.146,0.523,0.306,5.500000000000014,0.14200000000000002,2025,2026-03-18
VMI,0.231,vmi,0.536,0.46399999999999997,0.479,0.315,0.47600000000000003,69.4,98.7,119.9,0.149,0.507,0.23399999999999999,-21.200000000000003,0.30500000000000005,2025,2026-03-18
W Carolina,0.23600000000000002,w carolina,0.409,0.591,0.506,0.335,0.504,71.1,107.4,111.20000000000002,0.16399999999999998,0.443,0.33299999999999996,-3.8000000000000114,0.17299999999999996,2025,2026-03-18
W Georgia,0.221,w georgia,0.33,0.67,0.496,0.331,0.496,73.0,103.3,110.3,0.154,0.443,0.293,-7.0,0.10900000000000001,2025,2026-03-18
W Illinois,0.272,w illinois,0.33299999999999996,0.667,0.435,0.309,0.445,68.7,91.9,114.19999999999999,0.172,0.37,0.244,-22.299999999999983,0.06099999999999994,2025,2026-03-18
W Kentucky,0.303,w kentucky,0.39399999999999996,0.606,0.45799999999999996,0.33399999999999996,0.475,73.7,105.69999999999999,104.4,0.141,0.512,0.295,1.299999999999983,0.09099999999999997,2025,2026-03-18
W Michigan,0.244,w michigan,0.361,0.639,0.48100000000000004,0.353,0.499,71.3,103.69999999999999,112.3,0.16399999999999998,0.481,0.27699999999999997,-8.600000000000009,0.11699999999999999,2025,2026-03-18
Wagner,0.23600000000000002,wagner,0.36200000000000004,0.638,0.467,0.365,0.496,68.1,102.1,106.69999999999999,0.18100000000000002,0.489,0.305,-4.599999999999994,0.12600000000000003,2025,2026-03-18
Wake Forest,0.26,wake forest,0.43700000000000006,0.563,0.5329999999999999,0.344,0.526,71.8,109.80000000000001,107.3,0.151,0.532,0.278,2.500000000000014,0.17700000000000005,2025,2026-03-18
Washington,0.228,washington,0.34600000000000003,0.654,0.534,0.315,0.512,70.3,109.7,104.69999999999999,0.15,0.494,0.331,5.000000000000014,0.11800000000000002,2025,2026-03-18
Washington St,0.221,washington st,0.44799999999999995,0.552,0.546,0.365,0.547,70.5,107.2,109.5,0.18,0.516,0.272,-2.299999999999997,0.22699999999999995,2025,2026-03-18
Weber St,0.28600000000000003,weber st,0.32799999999999996,0.672,0.516,0.345,0.517,72.3,109.1,109.4,0.154,0.459,0.299,-0.30000000000001137,0.041999999999999926,2025,2026-03-18
West Virginia,0.258,west virginia,0.429,0.5710000000000001,0.525,0.32799999999999996,0.511,66.3,104.4,97.7,0.171,0.532,0.295,6.700000000000003,0.17099999999999999,2025,2026-03-18
Wichita St,0.268,wichita st,0.33899999999999997,0.6609999999999999,0.49,0.33399999999999996,0.494,71.1,108.3,99.1,0.147,0.419,0.376,9.200000000000003,0.07099999999999995,2025,2026-03-18
William & Mary,0.309,william and mary,0.428,0.5720000000000001,0.579,0.33,0.5429999999999999,75.0,108.80000000000001,105.2,0.162,0.638,0.239,3.6000000000000085,0.119,2025,2026-03-18
Winthrop,0.32,winthrop,0.441,0.5589999999999999,0.49700000000000005,0.332,0.49700000000000005,74.1,109.89999999999999,104.80000000000001,0.14300000000000002,0.516,0.322,5.09999999999998,0.121,2025,2026-03-18
Wisconsin,0.247,wisconsin,0.526,0.474,0.5479999999999999,0.361,0.545,71.4,116.3,106.3,0.125,0.573,0.273,10.0,0.279,2025,2026-03-18
Wofford,0.273,wofford,0.431,0.569,0.525,0.35,0.525,70.2,111.60000000000001,111.9,0.131,0.512,0.282,-0.29999999999999716,0.15799999999999997,2025,2026-03-18
Wright St,0.27699999999999997,wright st,0.337,0.6629999999999999,0.545,0.361,0.544,71.0,112.7,106.3,0.159,0.47,0.312,6.400000000000006,0.06000000000000005,2025,2026-03-18
Wyoming,0.262,wyoming,0.43,0.57,0.536,0.33,0.518,69.2,110.2,105.5,0.159,0.538,0.326,4.700000000000003,0.16799999999999998,2025,2026-03-18
Xavier,0.217,xavier,0.406,0.594,0.498,0.365,0.518,73.5,106.69999999999999,109.80000000000001,0.136,0.622,0.244,-3.1000000000000227,0.18900000000000003,2025,2026-03-18
Yale,0.265,yale,0.361,0.639,0.536,0.39399999999999996,0.556,67.9,118.0,105.69999999999999,0.13699999999999998,0.56,0.321,12.300000000000011,0.09599999999999997,2025,2026-03-18
Youngstown St,0.228,youngstown st,0.495,0.505,0.5660000000000001,0.337,0.537,70.4,106.80000000000001,106.5,0.184,0.538,0.287,0.30000000000001137,0.267,2025,2026-03-18
